EmployeeID,Name,Age,Department,Salary,DOB
1,John Doe,30,Engineering,50000,1990-05-15
2,Jane Smith,35,Sales,60000,
3,Mark Johnson,28,Engineering,55000,
4,Sarah Williams,32,Marketing,48000,
5,Michael Brown,35,Engineering,52000,
6,Emily Davis,29,Marketing,46000,
7,James Wilson,31,Engineering,51000,
8,Linda Anderson,33,Sales,58000,
9,Robert Lee,34,Finance,55000,
10,Anna Taylor,27,Engineering,48000,
11,David Clark,29,Finance,52000,
12,Julia Martinez,32,Marketing,60000,
13,Matthew Walker,30,Engineering,49000,
14,Amy Wright,36,Sales,57000,
15,Thomas Turner,31,Finance,51000,
1,John Doe,30,Engineering,50000,1990-05-15
2,Jane Smith,35,Sales,60000,
3,Mark Johnson,28,Engineering,55000,
4,Sarah Williams,32,Marketing,48000,
5,Michael Brown,35,Engineering,52000,
